1|ippo|dio|Ippokratis|Pandis|A|ippokratis@gmail.com|1|1|94301|W21321|2014-03-30 00:00:01|
2|kristina|123|Kristina|Serafim||kristinaserafim@gmail.com|1|2|94301|W21324|2014-03-30 00:00:02|
3|nikos|123|Ippokratis|Pandis|A|zinas.nikos@gmail.com|1|1|95123|W21325|2014-03-30 00:00:03|
4|greg|123|Greg|Horner||greg@feecast.com|1|1|91234|W21326|2014-03-30 00:00:05|
5|john|123|John|Doe||jd@feecast.com|2|4|15312|W21320|2014-03-30 00:00:06|
